id,hate_feature,categories
18532,wider audience,Other
18532,run money,cost
67896,unbiased volume,Other
67896,lower roi,roi
67896,costly roi,roi
67896,saw roi,roi
67896,week launching,Other
67896,paid subscription,security
67896,deal lead,social
177131,additional feature,Info
177131,feature linkedin,Info
177131,linkedin integration,Other
177131,nt evaluate,Other
179859,feature mean,Info
179859,mean flow,Other
179859,slight hindrance,Other
179888,least service,Other
179888,integrated service,Other
182325,integrate system,Other
182325,passive detractor,Other
182325,detractor comment,Other
182325,comment doubt,Other
182325,doubt help,Other
182489,little product,Other
182489,featurelight future,Info
183103,hard anything,Other
183103,simple explainer,Other
183103,show value,needs
183103,value functionality,needs
183130,platform develops,Other
184048,product ton,Other
184048,ton reporting,needs
184054,think anything,Other
188630,moment product,Other
188630,focus breathe,Other
188630,air product,Other
188638,ihas tailor,Other
188638,working tailor,Other
188638,made approach,Other
188638,campaign something,Other
188638,product market,Other
188638,market product,Other
188638,limited practice,Other
188638,advisory practice,Other
188638,practice organization,Other
188638,way implement,Other
188638,implement campaign,Other
188638,bring client,Other
188638,future client,Other
188638,campaign execution,Other
190023,found anything,Other
199474,grow feedback,Other
199474,feedback user,Other
199954,newer product,Other
199954,bit hand,Other
199954,onboarded product,Other
199954,saying support,Other
201553,bad experience,Info
202787,lack slack,needs
202787,slack integration,needs
202787,integration patrick,Other
202787,integrated move,Other
202787,product engineering,Other
202787,engineering side,Other
202787,seeing feature,Info
276255,consider midmarket,Other
276255,small granular,Info
276255,made granular,Info
277669,suck customer,Other
277669,negative information,Info
277669,information allows,Info
277669,need work,Other
277669,work order,Other
280373,grid question,Other
280373,question validity,Other
280373,appear question,Other
280373,market presence,Other
280373,presence algorithm,Other
280373,secret report,Other
280373,think report,Other
280373,usability ease,Other
280373,ease setup,Other
280373,larger vendor,Other
288758,tool month,tools and tech
288758,month feeling,Other
289187,le burden,Info
289187,burden customer,Info
289187,customer fill,Other
296992,think anything,Other
297223,work product,Other
297223,product profile,Other
297223,set site,Other
297239,linkedin log,social
297239,hard work,Other
297426,low volume,Other
297426,working rep,Other
297426,find solution,Other
297426,solution help,Other
297426,help increase,Other
297426,increase volume,Other
300311,thing think,Other
300311,think improvement,Other
300311,reliability adroll,Other
300948,enough prominence,Other
300948,prominence nt,Other
300948,think charity,Other
300948,charity donation,Other
300948,think way,Other
300948,seeing balance,Other
300948,company moment,Other
300948,single customer,Other
300948,customer skew,Other
300976,category result,Other
300976,different product,Other
300976,noncompetitive product,Other
300976,product category,Other
300976,make product,Other
300976,hard compare,Other
302708,grown pricing,Other
302708,forecasting harder,Other
302708,additional way,Other
302708,generate lead,social
302708,lead system,social
302708,core solution,Other
302708,solution offering,Other
305790,setting product,Other
305790,profile bit,Other
305790,cumbersome page,landing and other pages
305790,corporate page,landing and other pages
305790,individual product,Other
305790,entire portfolio,Other
307360,seo penetration,tools and tech
307360,least generate,Other
307360,category generate,Other
307360,organic lead,social
309559,star rating,Other
309559,rating nt,Other
309559,used move,Other
309559,drove traffic,Other
309559,traffic site,Other
320249,found anything,Other
329787,nt see,Other
329787,profile page,landing and other pages
333833,system bit,Other
333833,intuitive user,Other
333833,cleaner user,Other
333833,end user,Other
333833,proponent copy,Other
333833,take que,Other
333833,que yelp,Other
333833,tripadvisor term,security
333833,present company,Other
333833,company category,Other
333833,category list,Other
333833,list view,Other
333833,think guy,Other
333833,respective category,Other
333833,product category,Other
333833,able rank,Other
333833,category bit,Other
333833,misleading end,social
333833,think end,Other
333833,end user,Other
333833,relying site,Other
333931,question way,Other
333931,ongoing feedback,Other
333931,feedback customer,Other
333931,allow feature,Info
334128,stronger brand,Other
334128,several colleague,Other
334128,colleague b2b,Other
334128,heard platform,Other
334128,take bit,Other
334128,gold standard,Other
334309,dive bit,Other
334309,deeper customer,Other
334309,customer usage,Other
334309,usage case,Other
334309,sorting capability,Other
334309,capability region,Other
334309,region case,Other
334965,common theme,Other
334965,theme export,Other
334965,excel csv,Other
334965,csv doc,needs
335954,future growth,Other
336467,least program,tools and tech
336467,internal resource,Info
336467,resource order,Info
336467,order garner,Other
336467,benefit platform,Other
336467,believe pay,Other
336467,pay term,Other
336576,gain visibility,Other
336576,visibility training,Other
336576,utilize featurestools,Info
336576,put place,Other
336667,content marketing,Other
336667,marketing program,tools and tech
336667,stage nt,Other
336667,due ad,Other
336667,ad design,Other
336667,feature nt,Info
336667,lead nt,social
336667,little nt,Other
336667,confusing nt,needs
336667,nt web,Other
336667,web dev,Other
336667,dev experience,Info
336667,experience evaluation,Info
336667,evaluation grid,Other
336667,favor market,Other
336667,market size,Other
336667,nt work,Other
336667,work enterprise,Other
336667,enterprise business,Other
336667,labeled market,Other
336667,market leader,social
336667,portfolio comparison,Other
336667,comparison report,Other
336667,smaller startup,Other
336718,solved iteration,Other
336718,messaging etc,Other
336726,customizability button,Other
336726,button vendor,Other
336726,vendor page,landing and other pages
336726,working feedback,Other
336856,lead lead,social
336856,embed feature,Info
336856,limiting ability,Other
336856,specific section,Other
336856,testimonial embed,Other
336870,outside idea,Other
336870,basic idea,Other
336870,limited suggestion,Other
336870,suggestion seem,Other
336870,spending money,cost
336870,inbound lead,social
336870,lead activity,social
336870,nt experience,Info
336870,specific product,Other
337033,grid way,Other
337033,ass market,Other
337033,market presence,Other
337119,customize qualification,Other
337119,qualification question,Other
337119,question anyone,Other
337119,anyone request,Other
337119,request demo,Other
337501,nt element,Other
337501,element profile,Other
337501,profile page,landing and other pages
337501,customizable example,Other
337501,example watch,Other
337501,watch demo,Other
337501,demo button,Other
337728,survey process,Other
337902,crowd month,Other
338568,little trouble,Other
338568,establishing contact,Other
338568,ongoing rep,Other
338568,rep person,Other
338568,set campaign,Other
338568,helpful instruction,Other
339183,open feedback,Other
341360,variety product,Other
341360,send customer,Other
341360,different page,landing and other pages
341360,page write,landing and other pages
341641,company profile,Other
342331,nt form,Other
342331,form deal,Other
342331,deal breaker,Other
345131,lead report,social
345131,scoring report,Other
345131,influenced volume,Other
345742,nt basis,Other
345742,portal basis,Other
345742,regular basis,Other
345742,make change,Other
345742,select series,Other
345742,website see,Other
345742,brandfree r,Other
345742,r feed,Other
345742,publish website,Other
345742,testimonial website,Other
346659,lead feature,social
348994,account manager,Other
348994,helpful feedback,Other
348994,open feedback,Other
348994,feedback bit,Other
348994,pricey business,cost
348994,small business,Other
348994,business market,Other
348994,market rate,Other
351531,predefined page,landing and other pages
351531,ups example,Other
351531,example word,Other
351531,word software,tools and tech
351531,software end,tools and tech
351531,end product,Other
351531,product name,Other
351531,name product,Other
351531,product software,tools and tech
351531,software sentence,tools and tech
351531,software end,tools and tech
354532,impossible quantify,Other
354532,least quantify,Other
354532,hard quantify,Other
354532,quantify roi,roi
354532,roi track,roi
354532,track demo,Other
354532,demo request,Other
354532,salesforce measure,Other
354532,lie tofu,Other
354532,tofu brand,Other
354532,brand awareness,Other
354532,viewing page,landing and other pages
354532,page data,landing and other pages
354532,data pageviews,landing and other pages
354532,ip address,security
354532,spotty database,tools and tech
354532,database eg,tools and tech
354532,comcast llc,Other
354532,viewed page,landing and other pages
354532,refining data,Other
354532,individual level,Other
354532,lead level,social
354532,attribution value,needs
354532,touch channel,Other
366147,multiple category,security
366147,category technology,Other
366147,technology meet,Other
366147,multiple product,security
366147,product category,Other
369501,improve way,Other
369501,way video,Other
369501,video reader,Other
369501,grid format,Other
369501,current format,Other
370467,upgraded license,Other
370467,license grid,Other
370467,grid badge,tools and tech
370467,badge category,tools and tech
370467,unfortunately leader,social
370467,leader badge,social
370467,profile report,Other
370467,report category,Other
370467,category leader,social
370467,generated report,Other
370467,category leader,social
370467,update badge,tools and tech
370467,badge profile,tools and tech
370467,profile whenas,Other
370467,whenas company,Other
370467,grid page,landing and other pages
370467,profile page,landing and other pages
370467,inaccurate category,Other
370467,category description,security
370467,say leader,social
370467,include brand,Other
370467,brand profile,Other
371950,streamlined process,Other
371950,daunting cumbersome,Other
371950,see documentation,needs
371950,practice report,Other
371950,report spiff,Other
371950,spiff response,Other
372540,downside product,Other
372540,product category,Other
372540,category le,Other
372540,others something,Other
372540,looking forward,Other
377146,offering thing,Other
377146,api integration,Other
377146,leverage search,tools and tech
377146,active search,tools and tech
377146,search data,tools and tech
377146,data push,Other
377146,push sale,Other
377146,sale team,Other
377146,update part,Other
377146,part beta,Other
377146,beta program,tools and tech
377146,sfdc connector,Other
377260,nt control,Other
377260,control traffic,Other
377260,traffic page,landing and other pages
377260,page increase,landing and other pages
378271,brand recognition,Other
378271,recognition site,Other
378271,potential recognition,Other
380575,core platform,Other
380575,basic team,Other
380575,need team,Other
380575,additional need,Other
380649,made improvement,Other
380649,improvement visitor,Other
380649,prospect report,Other
380649,report lead,social
380649,lead stats,social
380649,leader batch,social
380649,allow reflection,Other
380649,profile reflection,Other
380649,rid change,Other
381519,bug side,Info
381519,admin side,Other
381519,side prevent,Other
381519,crowd team,Other
396580,report tony,Other
396580,made everything,Other
396580,everything breeze,Other
415865,keen tool,tools and tech
415865,reporting tool,tools and tech
415865,hard key,Other
415865,key word,Other
415865,word search,tools and tech
415865,responsive company,Other
415865,research team,tools and tech
419224,potentiall expertise,Other
419224,expertise hook,Other
419224,feature eg,Info
419224,eg integrate,Other
419224,integrate crm,Other
457279,data help,Other
457279,help support,Other
457279,support competitor,Other
457279,competitor comparison,Other
457954,month complaint,Other
474344,expand activity,Other
474344,independent company,Other
474344,stringent activity,Other
474344,activity springcm,Other
479059,visitor section,Other
492019,happening platform,Other
492019,make selfimplementation,Other
492019,selfimplementation cumbersome,Other
492019,cumbersome process,Other
515733,lead generation,social
515733,crowd link,Other
515733,weakest link,Other
519906,possible download,Other
519906,download customer,Other
519906,paid product,Other
519906,additional insight,Other
519906,export option,Other
527085,customized data,Other
543274,information company,Info
543274,compare solution,Other
555826,frontend customization,Other
555826,customization capability,Other
555826,capability minor,Other
559639,different charity,Other
559639,charity option,Other
559639,option client,Other
559639,client choose,Other
563097,take day,Other
563097,made capterra,Other
563097,capterra xero,Other
572892,way block,Other
572892,block analytics,Other
572892,ip address,security
572892,address differentiate,Other
572892,differentiate visitor,Other
572892,visitor traffic,Other
572892,traffic team,Other
572892,team monitoring,Other
572892,updating page,landing and other pages
573859,option profile,Other
573859,log ticket,Other
573859,ticket support,Other
573859,preferable respond,Other
573859,personal linkedin,Other
573859,profile comment,Other
574606,user report,Other
574606,report report,Other
575567,permissioning option,Other
575567,authorize member,Other
575567,member management,Other
575567,management support,Other
575567,support team,Other
575567,team respond,Other
575567,giving access,Other
575567,dashboard option,Other
575567,option respond,Other
575567,respond company,Other
579793,take parameter,Other
579793,clear waste,Other
579793,narrow waste,Other
579793,nt waste,Other
604995,miss change,Other
604995,saving change,Other
604995,change show,Other
604995,show update,Other
610996,side navigation,Other
610996,hard find,Other
610996,based everything,Other
613314,business goal,Other
613314,goal drive,Other
613314,drive traffic,Other
613314,comparison tool,tools and tech
616298,platform lack,needs
616298,lack multilanguage,needs
616298,multilanguage support,Other
616298,oriented software,tools and tech
616298,software market,tools and tech
616298,global activity,Other
616298,writing something,Other
616298,language hand,Other
616298,credibility reputation,Other
616298,reputation score,Other
616298,table effords,Other
616298,commuincating platform,Other
616298,usa market,Other
616298,usa software,tools and tech
616298,software consumer,tools and tech
616298,consumer efford,Other
617139,feedback customer,Other
617139,easier reward,Other
617139,redeem reward,Other
626776,onboarding setup,Other
626776,setup simple,Other
636315,manual integration,Other
636315,think customer,Other
636315,customer benefit,Other
636315,benefit finer,Other
636315,filtering criterion,Other
636315,validation contact,Other
636315,info generation,Info
636315,lead generation,social
636315,offering instance,Other
636315,last name,Other
636315,name phone,Other
636315,phone number,Other
636315,incomplete lead,social
636315,missing lead,social
637248,crowd marketing,Other
637248,marketing solution,Other
637585,different category,Other
637585,done traction,Other
641705,defer marketing,Other
641705,marketing director,Other
641705,director sale,Other
641705,sale customer,Other
641731,everythingi nt,Other
644918,platform week,Other
645373,private help,Other
645373,help company,Other
645373,thank help,Other
646011,user interface,needs
646011,little issue,Other
646011,cluttered issue,Other
646011,seem issue,Other
646011,visual hierarchy,Other
646011,difficult report,Other
646011,report offer,Other
646011,shame chat,Other
646011,minor chat,Other
646011,chat option,Other
646011,common bottom,Other
646011,icon bottom,Other
646011,several area,Other
646011,area site,Other
646011,make site,Other
646011,site feel,Other
646011,cluttered salesy,Other
646011,user interface,needs
647201,expensive startup,cost
647201,startup buy,Other
647201,used year,Other
649497,comprehensive list,Other
649497,list marketing,Other
649497,marketing asset,social
649497,asset way,social
649497,way asset,social
649497,bigger customer,Other
649497,library customer,Other
649497,serve customer,Other
658177,looking measure,Other
658177,measure roi,roi
659355,lead capture,social
659355,capture analytics,Other
659355,detail example,Other
659355,example category,Other
659355,category listing,Other
659355,generated view,Other
663023,researching software,tools and tech
663023,company name,Other
663023,name state,Other
665413,trial click,Other
665413,quality lead,social
673068,elicits interaction,Other
673068,interaction view,Other
673248,lack data,needs
673248,data connector,Other
673248,premium package,Other
673248,limited evaluate,Other
673248,evaluate customer,Other
673248,customer journey,Other
673248,journey salesforce,Other
673248,crowd result,Other
673248,evaluate roi,roi
673248,roi goal,roi
673248,goal platform,Other
673248,platform recommend,Other
673248,recommend development,Other
673248,development consider,Other
673248,introducing support,Other
673248,support data,Other
673248,data connector,Other
673248,connector salesforce,Other
673248,salesforce google,Other
673248,google analytics,Other
673248,adroll customization,Other
673248,customization support,Other
673248,support profile,Other
673248,tailored client,Other
673248,client need,Other
674289,wanted move,Other
674289,ass inform,Info
674289,inform team,Info
674289,team gather,Other
674289,gather advice,Other
674289,advice others,Other
674289,others company,Other
680490,onboarding process,Other
680490,attention detail,Other
680490,detail involvement,Other
680490,team rarity,Other
680490,larger organization,Other
680490,organization today,Other
682660,premium profile,Other
682660,profile feature,Info
689224,landing page,landing and other pages
692878,email customer,social
692878,email notify,social
692878,notify customer,Other
692878,earn gift,Other
692878,gift card,Other
692878,offered chance,Other
692878,chance choose,Other
692878,choose date,Other
692878,date email,social
692878,day period,Other
692878,period opinion,Other
692878,space email,social
692878,customer option,Other
692878,future send,Other
692878,send email,social
692878,email disclaimer,social
692878,forgotdid nt,Other
692878,nt realize,Other
700634,cluttered space,Other
700634,space overlistings,Other
700634,overlistings product,Other
705595,believe impedes,Other
708085,nt someone,Other
708085,intuitive someone,Other
708085,answer question,Other
713971,utilize abm,Other
713971,abm functionality,Other
713971,quadrant functionality,Other
713971,serving offer,Other
713971,profile proactive,Other
713971,ie proactive,Other
713971,based account,Other
713971,account list,Other
715566,platform team,Other
716665,add experience,Info
718100,default category,Other
722725,profile system,Other
728538,nt visibility,Other
728538,visibility data,Other
729104,granular data,Info
729104,visiting category,Other
729104,category navigation,Other
729104,little backend,Other
729104,confusing backend,needs
729104,randomly menu,Other
739332,looking area,Other
739332,area potential,Other
739332,potential concern,Other
743188,meter invitation,Other
747710,specific thing,Other
747710,thing nt,Other
748284,think vision,Other
748284,vision roadmap,Other
748284,broader value,needs
748284,value guess,needs
748284,difficult part,Other
748284,part change,Other
748284,change management,Other
748284,management side,Other
748284,side ie,Other
748284,ie team,Other
748284,feature information,Info
748284,internal sale,Other
748284,sale marketing,Other
748284,marketing support,Other
748284,support product,Other
748284,product process,Other
749930,annual revenue,roi
753884,unsure money,cost
753884,hoping see,Other
756422,effectiveness service,Other
756422,service area,Other
756422,area profile,Other
756422,profile service,Other
766100,manual thing,Other
766100,thing account,Other
766100,mapping implementation,Other
766100,intensive sale,Other
766100,sale op,Other
766100,andor end,Other
766100,end user,Other
766100,working way,Other
766100,improve work,Other
766100,work flow,Other
766100,think playbook,Other
780657,initial performance,Other
780657,performance goal,Other
780657,lead generation,social
780657,generation brand,Other
780657,brand visibility,Other
780657,visibility leader,social
780657,grid nt,Other
780657,frankly nt,Other
780657,lead placement,social
780657,annual contract,Other
780657,see activity,Other
780657,regular activity,Other
780657,effectiveness intent,Other
780657,intent program,tools and tech
780657,expensive justify,cost
780657,difficult justify,Other
780657,low cost,cost
780657,cost acquisition,cost
780657,needed roi,roi
803810,additional work,Other
803810,update integration,Other
803810,api integration,Other
803810,marketingdisplaysocial platform,social
807808,deal sale,Other
807808,sale onboarding,Other
807808,onboarding process,Other
815404,used premium,Other
815404,premium account,Other
815404,feature question,Info
846349,login process,Other
846349,email login,social
846349,login account,Other
862086,demandgen marketer,needs
862086,lead goal,social
862086,hoping see,Other
862086,nt doubt,Other
862086,broader value,needs
862086,value platform,needs
862086,exposed visitor,Other
862086,visitor data,Other
862086,evidence role,Other
862086,buying process,Other
862086,assign value,needs
862086,value roi,roi
862086,focused environment,Other
862086,established sale,Other
862086,sale system,Other
877046,nt self,Other
877046,self service,Other
877046,needed support,Other
877046,support example,Other
877046,example company,Other
877046,company bio,Other
877046,bio logo,Other
877046,nt change,Other
879317,provided marketshare,Other
879317,raw user,Other
879317,user data,Other
884266,select owner,Other
884266,owner product,Other
884266,figured notification,Other
884266,personal email,social
884266,email address,social
884266,linkedin account,Other
884266,email account,social
898607,buyer intent,Other
898607,money name,cost
898607,name email,social
898607,email address,social
914854,event team,Other
914854,team bit,Other
914854,valid user,Other
914854,user client,Other
914854,client event,Other
914854,event reason,Other
914854,different function,Other
946205,landing page,landing and other pages
946205,configure order,Other
946205,show customization,Other
946205,customization option,Other
946205,option ability,Other
946205,see view,Other
946205,view page,landing and other pages
953874,service bit,Other
953874,pricey side,cost
990946,overall platform,Other
990946,take thing,Other
990946,practice customer,Other
990946,team presence,Other
990946,presence europe,Other
990946,european marketing,Other
990946,big plus,Other
1093460,backend interface,needs
1093460,little bit,Other
1093460,intuitive possibility,Other
1093460,possibility rule,Other
1093460,based customer,Other
1093460,customer intent,Other
1093460,intent email,social
1108085,nt category,Other
1108085,category research,tools and tech
1108085,research team,tools and tech
1108085,little bit,Other
1198532,crowd experience,Info
1210139,complaint product,Other
1210139,product staff,Other
1210139,staff service,Other
1210139,prize quality,Info
1210139,date day,Other
1210139,day post,Other
1210139,post account,Other
1210139,nt wig,Other
1210139,actual software,tools and tech
1210139,fake news,Other
1210139,news fake,Other
1210139,pokemon team,Other
1210139,crowd catch,Other
1239365,algorithm prioritize,Other
1239365,recent nt,Other
1239365,helpful nt,Other
1239365,lengthy nt,Other
1239365,context consideration,Other
1239365,increase subscription,security
1239365,subscription price,security
1239365,price year,cost
1239365,functionality tool,tools and tech
1239365,tool leverage,tools and tech
1239365,cost smbs,cost
1252607,onboarded clarity,Other
1252607,clarity pricing,Other
1252607,pricing pricing,Other
1252607,pricing talk,Other
1252607,happen lends,Other
1252607,beginning lends,Other
1252607,lends confusion,Other
1299532,long way,Other
1305076,pushing account,Other
1305076,automated advertising,Other
1305076,advertising campaign,Other
1305076,programmatic channel,tools and tech
1305076,done csv,Other
1305076,csv file,Other
1305076,solvable zapier,Other
1305076,using zapier,Other
1305076,see integration,Other
1305076,eg outreachio,Other
1322855,little traffic,Other
1322855,australianz roi,roi
1322855,seeing roi,roi
1333787,feature cram,Info
1333787,cram denying,Other
1333787,big improvement,Other
1333787,improvement tournew,Other
1333787,tournew tool,tools and tech
1333787,tool guide,tools and tech
1333787,starting look,Other
1333787,bring future,Other
1368615,visitor traffic,Other
1368615,traffic reading,Other
1369667,platform interface,needs
1369667,intuitive consumer,Other
1369667,difficult consumer,Other
1369667,switch consumer,Other
1369667,consumer view,Other
1369667,admin view,Other
1419959,easier way,Other
1419959,way buyer,Other
1419959,buyer intent,Other
1419959,intent data,Other
1419959,data system,Other
1419959,system salesforce,Other
1419959,easier abm,Other
1444638,interestlike tech,Other
1444638,tech companyin,Other
1444638,integrated platform,Other
1444638,remain customer,Other
1444638,communication call,Other
1444638,set integration,Other
1444638,end moment,Other
1444638,deal breaker,Other
1444638,small team,Other
1444638,bootstrapped team,Other
1444638,team need,Other
1444638,need bit,Other
1444638,bit consideration,Other
1444638,platform team,Other
1449362,working campaign,Other
1452442,biggest hurtle,Other
1452442,lead integration,social
1452442,data way,Other
1452442,prior buying,Other
1452442,key feature,Info
1452442,pinged team,Other
1452442,little therefore,Other
1452442,turned experience,Info
1452442,specific way,Other
1452442,turn way,Other
1452442,wanted wait,Other
1452442,wait week,Other
1452442,lead api,social
1452442,product advancement,Other
1452442,product continue,Other
1452442,existing value,needs
1452442,update nt,Other
1452442,charged demand,needs
1452442,demand generation,needs
1452442,lead generation,social
1452442,scoring anything,Other
1452442,lead way,social
1452442,way leverage,Other
1452442,leverage data,Other
1452442,data value,needs
1452442,value boat,needs
1452442,boat load,Other
1482242,deeper customization,Other
1482242,customization work,Other
1522203,growing company,Other
1522203,finding way,Other
1522203,core team,Other
1522203,helping guide,Other
1579720,meeting account,Other
1579720,account manager,Other
1579720,onboarding process,Other
1595847,character requirement,Other
1595847,requirement cost,cost
1663299,day night,Other
1666968,little staff,Other
1666968,help staff,Other
1666968,staff everything,Other
1666968,everything fall,Other
1666968,fall place,Other
1666968,place complaint,Other
1666968,lead management,social
1666968,management screen,Other
1666968,nt work,Other
1666968,work lead,social
1666968,possible solution,Other
1666968,customize solution,Other
1666968,little bit,Other
1666968,bit suit,Other
1666968,individual requirement,Other
1683784,user interface,needs
1683784,interface application,tools and tech
1683784,onboarding process,Other
1691819,encountered anything,Other
1706680,receive formfill,Other
1709075,feature require,Info
1709075,require plan,Other
1709075,pricey startup,cost
1728103,overall experience,Info
1760009,customizable product,Other
1760009,hard product,Other
1760009,crowd customer,Other
1760009,valuable show,Other
1760163,score impact,Other
1760163,total vendor,Other
1793050,little pricey,cost
1793050,compared competitor,Other
1872588,little star,Other
1872588,unclear star,Other
1872588,star tenth,Other
1872588,tenth star,Other
1912208,found anything,Other
1912208,crowd team,Other
1912208,team product,Other
1912208,product point,Other
1912519,tool opportunity,tools and tech
1912519,offer customizations,Other
1912519,future customization,Other
1912519,customization option,Other
1922126,negative develop,Info
1922126,improve develop,Other
1922126,develop implementation,Other
1934479,lead traction,social
1934479,traction platform,Other
1934479,big lead,social
1934479,platform hope,Other
1934479,organic channel,Other
1934479,cap amount,Other
1934479,extra lead,social
1934479,close number,Other
1934479,number begin,Other
1950207,complaint tat,Other
1950207,reply issue,Other
1950207,issue bit,Other
1953502,email notification,social
1960560,minor tech,Other
1960560,tech hiccup,Other
1960560,little patience,Other
1960560,tier data,Other
1960560,data content,Other
1960560,content mystifying,Other
1967866,helpful decrease,Other
1967866,total number,Other
1968850,found anything,Other
1992901,initial email,social
1992901,due email,social
1992901,email issue,social
1992901,issue end,Other
1992901,little end,Other
2007693,limitation profile,Other
2007693,profile data,Other
2007693,platform team,Other
2007693,help data,Other
2014260,bug reference,Info
2014260,reference sheet,Other
2014260,sheet tool,tools and tech
2014260,talk realm,Other
2032398,little price,cost
2032398,center price,cost
2032398,little price,cost
2032398,clunky price,cost
2032398,price performance,cost
2032398,bit longterm,Other
2032398,question longterm,Other
2066294,buyer intent,Other
2066294,intent notification,Other
2066294,receive report,Other
2077462,contact detail,Other
2090914,include customer,Other
2090914,customer name,Other
2090914,name list,Other
2090914,list customer,Other
2090914,admin account,Other
2134819,nt notice,Other
2134819,notice everything,Other
2158700,overall way,Other
2158700,look market,Other
2158700,market way,Other
2158700,calculates market,Other
2158700,market presence,Other
2158700,grid report,Other
2158700,report improvement,Other
2158700,factor number,Other
2158700,number employee,Other
2158700,employee revenue,roi
2158700,web presence,Other
2158700,hundred product,Other
2158700,advantage specialist,Other
2158700,market company,Other
2158700,microsoft market,Other
2158700,market presence,Other
2158700,presence sheer,Other
2158700,sheer size,Other
2158700,handful employee,Other
2182313,landing page,landing and other pages
2182313,response campaign,Other
2188856,quadrant rating,Other
2188856,based variety,Other
2188856,variety factor,Other
2264645,management perspective,Other
2264645,aspect change,Other
2264645,change flexibility,Other
2264645,flexibility call,Other
2264645,page product,landing and other pages
2264645,trial feel,Other
2264645,potential customer,Other
2264645,customer offering,Other
2277772,lead generation,social
2277772,generation result,Other
2277772,low funnel,Other
2277772,lead generation,social
2280568,enterprise tool,tools and tech
2280568,digest support,Other
2280568,onboarding team,Other
2289204,feature till,Info
2289204,till account,Other
2289204,account manager,Other
2289204,reported issue,Other
2289204,submission failure,Other
2289204,submit button,Other
2310756,nt tell,Other
2310756,tell account,Other
2310756,account manager,Other
2310756,little thing,Other
2310756,bit thing,Other
2310756,expensive vendor,cost
2324242,extracting information,Info
2324242,information lead,social
2324242,lead company,social
2324242,nt expect,Other
2366343,issue banner,Other
2366343,banner badge,tools and tech
2366343,additional charge,cost
2366343,charge integration,cost
2366343,integration platform,Other
2366343,platform hubspot,Other
2366343,using platform,Other
2506505,price point,cost
2506505,tier prevents,Other
2506505,upgrade prevents,Other
2506505,steep prevents,Other
2506505,making platform,Other
2506505,export data,Other
2506505,data profile,Other
2717293,customer express,Other
2717293,express frustration,Other
2717293,likely error,Other
2717293,due error,Other
2717293,email verification,social
2717293,coach customer,Other
2717293,additional step,Other
2717293,drop list,Other
2717293,customer unsure,Other
2743218,platform functionality,Other
2743218,limited package,Other
2743218,depending package,Other
2743218,purchased feature,Info
2743218,standard operate,Other
2743218,enhanced package,Other
2743218,frustrating design,Other
2743218,design program,tools and tech
2765243,site broader,Other
2765243,broader marketing,Other
2765243,marketing campaign,Other
2765243,little competitor,Other
2765243,clunkier competitor,Other
2768965,actionable nt,Other
2768965,visibility search,tools and tech
2768965,search result,tools and tech
2768965,callcontact center,Other
2768965,customer prospect,Other
2768965,prospect leverage,Other
2768965,leverage buying,Other
2768965,buying research,tools and tech
2769307,improving admin,Other
2769307,room improvement,Other
2769307,improvement regard,Other
2769307,link event,Other
2769307,event campaign,Other
2788151,small business,Other
2788151,business value,needs
2813032,little hiccup,Other
2813032,profile start,Other
2879335,da minha,Other
2879335,minha experincia,Other
2879335,algoritmo priorizar,Other
2879335,priorizar revise,Other
2879335,revise que,Other
2879335,nem mais,Other
2879335,mais teis,Other
2879335,teis porque,Other
2879335,considerao contexto,Other
2879335,contexto processo,Other
2879335,para campanha,Other
2879335,uma campanha,Other
2879335,e canais,Other
2879335,canais programticos,tools and tech
2879335,programticos feitos,tools and tech
2879335,feitos com,Other
2879335,com arquivos,Other
2879335,arquivos csv,Other
2879335,csv ma,Other
2879335,ma solucionvel,Other
2879335,usando zapier,Other
2879335,zapier como,Other
2879335,como algum,Other
2879335,algum sendo,Other
2879335,sendo incorporado,Other
2879335,incorporado pode,Other
2879335,pode haver,Other
2879335,haver mais,Other
2879335,mais clareza,Other
2879335,clareza com,Other
2879335,com o,Other
2879335,o preos,Other
2879335,preos e,Other
2879335,e que,Other
2879335,que voc,Other
2879335,voc ganha,Other
2879335,ganha com,Other
2879335,com esse,Other
2879335,esse preo,Other
2885687,due expectation,Other
2885687,expectation sale,Other
2885687,sale thr,Other
2885687,thr reality,Other
2885687,onboarding totlaly,Other
2885687,effort resolve,Other
2894468,number lead,social
2894468,improved translation,Other
2909324,long anything,Other
2909324,find anything,Other
2909324,minor bug,Info
2909324,bug data,Info
2909324,sending rep,Other
2922654,result question,Other
2922654,question authenticity,Other
2943511,expensive see,cost
2943511,see return,Other
2976624,csm way,Other
2976624,way share,Other
2976624,configurable ie,Other
2976624,ie nt,Other
2976624,website share,Other
2976624,proof site,Other
2982836,buyer intent,Other
2982836,lead luck,social
2982836,nt luck,Other
3015707,onboarding help,Other
3064509,specific downside,Other
3064509,energy resource,Info
3064509,resource commit,Info
3064509,thought process,Other
3064509,committed process,Other
3064509,process advise,Other
3064509,advise team,Other
3064509,team point,Other
3064509,point person,Other
3064509,person champion,Other
3064509,champion organization,Other
3132584,tasking process,Other
3132584,legitimate verify,Other
3132584,verify customer,Other
3132726,validation process,Other
3132726,process bit,Other
3132726,prior validation,Other
3132726,sharpen user,Other
3132726,rejected error,Other
3132726,error user,Other
3132726,user validation,Other
3132726,validated identity,Other
3132726,email address,social
3132726,address validation,Other
3133358,verification process,Other
3133358,mysterious thing,Other
3133358,stepped thing,Other
3133358,answered question,Other
3133358,found answer,Other
3190452,improve salesforce,Other
3190452,salesforce integration,Other
3190452,efficient information,Info
3218910,downside moment,Other
3218910,create platform,Other
3218910,platform tbd,Other
3291426,negative platform,Info
3291426,platform future,Other
3351415,website need,Other
3351415,ui need,Other
3351415,upgrade need,Other
3351415,easier need,Other
3494481,bump term,Other
3494481,term classify,Other
3494481,classify company,Other
3494481,set product,Other
3494481,delayed thing,Other
3520374,category category,Other
3520374,several vendor,Other
3520374,different offering,Other
3520374,client show,Other
3520374,show competitor,Other
3554734,discover way,Other
3554734,way tool,tools and tech
3554734,nonsoftware sale,tools and tech
3559841,leverage intent,Other
3559841,intent data,Other
3758942,individual profile,Other
3758942,profile profile,Other
3758942,expensive product,cost
3758942,add product,Other
3758942,product site,Other
4094631,platform start,Other
4094631,potential step,Other
4094631,onboarding process,Other
4094631,process followup,Other
4094631,followup email,social
4095789,last year,Other
4095789,year anything,Other
4096348,long take,Other
4096348,take fill,Other
4101759,think navigation,Other
4101759,admin platform,Other
4101759,whiteboard product,Other
4101759,product team,Other
4104524,skeptical cost,cost
4104524,upfront cost,cost
4104524,cost marketing,cost
4104524,plenty investment,Other
4104524,return investment,Other
4139195,little company,Other
4139195,steep company,Other
4139195,think pay,Other
4141337,determine roi,roi
4141337,investing platform,Other
4141337,platform front,Other
4141337,front team,Other
4141337,comparable test,Other
4141337,test data,Other
4141337,data share,Other
4143891,think clarity,Other
4143891,algorithm determines,Other
4143891,determines business,Other
4143891,business category,Other
4143891,category page,landing and other pages
4143891,page clarity,landing and other pages
4143891,ineligible case,Other
4151698,boarding session,Other
4168053,onboarding process,Other
4168053,long contact,Other
4168053,contact point,Other
4168233,option gif,Other
4168233,gif cover,Other
4168233,cover picture,Other
4178531,csm sale,Other
4178531,sale team,Other
4178531,team platform,Other
4194616,think reverse,Other
4194616,reverse ip,security
4194616,ip look,security
4194616,potential customer,Other
4194616,customer buyer,Other
4194616,buyer intent,Other
4194616,nonlead program,social
4194616,generating program,tools and tech
4194616,program nt,tools and tech
4194616,select category,Other
4194616,category brand,Other
4194616,brand fall,Other
4194616,fall nt,Other
4194616,graph category,Other
4194616,qualify buyer,Other
4194616,buyer intent,Other
4194616,intent data,Other
4194982,market data,Other
4194982,number category,Other
4194982,category crossover,Other
4194982,tangental productssolutions,Other
4194982,productssolutions buyer,Other
4194982,buyer intent,Other
4194982,intent data,Other
4194982,level detail,Other
4194982,drop process,Other
4208348,process user,Other
4212266,extra integration,Other
4212266,integration tool,tools and tech
4212266,pipedrive crm,security
4212266,deal breaker,Other
4216528,think administration,Other
4216528,administration site,Other
4216528,nt heard,Other
4216528,outline step,Other
4216528,initial profile,Other
4258458,couple product,Other
4258458,product recommendation,Other
4258458,usage platform,Other
4258458,taken account,Other
4262009,platform process,Other
4262009,onboarding process,Other
4262009,hard work,Other
4343166,likenamed product,Other
4343166,product sort,Other
4343166,ran issue,Other
4343166,issue automation,Other
4343166,external marketing,Other
4343166,linkedin site,Other
4343166,site value,needs
4343166,value product,needs
4358025,platform nt,Other
4360983,intent data,Other
4360983,product tier,Other
4360983,tier volume,Other
4360983,low product,Other
4360983,product page,landing and other pages
4360983,level intent,Other
4360983,justify investment,Other
4360983,investment middle,Other
4360983,middle tier,Other
4366410,found place,Other
4366410,place documentation,needs
4366410,documentation feature,Info
4366410,feature nt,Info
4366410,look imagesexamples,Other
4366410,dummy data,Other
4374917,integrating salesforce,Other
4374917,anticipated development,security
4374917,development team,Other
4374917,step help,Other
4374917,dealing permission,Other
4374917,permission issue,Other
4396413,capability bit,Other
4396413,tackle everything,Other
4396413,customer relationship,security
4396413,relationship manager,security
4396413,leveraging platform,Other
4396413,platform offer,Other
4426733,handling company,Other
4426733,company page,landing and other pages
4426733,page oorwin,landing and other pages
4426733,moderation policy,Other
4426733,stringent thought,Other
4426733,thought effort,Other
4426733,rejection rate,Other
4443836,lead opportunity,social
4457650,cc purchase,Other
4457650,purchase gift,Other
4457650,gift card,Other
4457650,roadmap heard,Other
4469517,reporting need,needs
4469517,need improvement,Other
4469517,helpful roi,roi
4469517,roi tool,roi
4469517,salesforce map,Other
4469517,map buyer,Other
4469517,buyer intent,Other
4469517,intent opportunity,Other
4469517,buyer intent,Other
4469517,opp lead,social
4469517,opp lead,social
4469517,lead gen,social
4469517,v influence,Other
4469517,tool retool,tools and tech
4469517,measure impact,Other
4469517,buyer intent,Other
4469517,resource end,Info
4469517,end configure,Other
4469517,configure salesforce,Other
4469517,sfdc connector,Other
4469517,make pull,Other
4469517,similar roi,roi
4469517,roi reporting,roi
4500906,buy option,Other
4500906,option take,Other
4500906,take advantage,Other
4523204,market category,Other
4523204,comparing apple,Other
4523204,apple orange,Other
4523204,grid cybersecurity,security
4523204,cybersecurity product,security
4523204,least security,security
4523204,step security,security
4523204,peer security,security
4523204,insight security,security
4523204,security category,security
4552188,transparency criterion,Other
4552188,used rank,Other
4552188,rank company,Other
4552188,company rank,Other
4552188,rank grid,Other
4552188,obvious weight,Other
4552188,weight attribute,Other
4552188,attribute increase,Other
4552188,increase decrease,Other
4552188,decrease company,Other
4552188,company position,Other
4642852,integrate intent,Other
4642852,intent data,Other
4642852,data something,Other
4642852,marketo instance,Other
4644690,call point,Other
4647006,using resource,Info
4647006,resource page,Info
4647035,marketing solution,Other
4647035,solution date,Other
4647035,date collaboration,Other
4649676,product roadmap,Other
4649676,roadmap transparency,Other
4649676,transparency customer,Other
4649676,customer feedback,Other
4649676,feedback help,Other
4649676,drive innovation,Other
4649676,showcasing customer,Other
4649676,customer shape,Other
4650358,multiple profile,security
4650358,platform roll,Other
4650358,prefer roll,Other
4650358,disjointed way,Other
4650358,way money,cost
4652640,additional pricing,Other
4652640,pricing option,Other
4652640,varying level,Other
4652640,level content,Other
4652640,content licensing,Other
4652640,licensing package,Other
4652644,nt visibility,Other
4652644,sort feedback,Other
4652662,organization inability,Other
4652662,sfdc connector,Other
4652662,bad data,Other
4652662,tough launch,Other
4652666,helping issue,Other
4652680,competitive perspective,Other
4652680,perspective vendor,Other
4652680,able rank,Other
4652680,specific case,Other
4652680,grid case,Other
4652680,case vendor,Other
4652680,create talk,Other
4652680,dismiss talk,Other
4652680,talk track,Other
4652680,track seller,Other
4652680,seller example,Other
4652680,example competitor,Other
4652680,competitor x,Other
4652680,grid rule,Other
4652680,specific rule,Other
4652680,rule vendor,Other
4652680,follow order,Other
4652680,order rank,Other
4652680,grid opinion,Other
4652680,specific seller,Other
4652717,nt consult,Other
4652717,platform consult,Other
4652717,consult distribute,Other
4652905,marketing solution,Other
4652905,difficult solution,Other
4652905,solution business,Other
4652905,account manager,Other
4652905,manager csm,Other
4652905,helpful process,Other
4654750,profile package,Other
4654750,package pricey,cost
4654750,aligned business,Other
4654750,nt engage,Other
4654750,accountbased marketing,Other
4654750,business intent,Other
4654750,intent data,Other
4654750,lead demand,social
4654750,demand generation,needs
4654874,downside issue,Other
4654874,make thing,Other
4654874,put practice,Other
4657844,paid feature,Info
4657844,utilize plan,Other
4657844,fullest team,Other
4657844,potential team,Other
4657844,c team,Other
4657844,team eager,Other
4657844,onboarding process,Other
4657844,baby step,Other
4657844,step roll,Other
4657881,shared feedback,Other
4657881,feedback improvement,Other
4657881,see process,Other
4657994,grid report,Other
4657994,little term,Other
4657994,selective term,Other
4657994,term category,Other
4657994,category segment,Other
4657994,segment place,Other
4657994,volume report,Other
4657994,report badge,tools and tech
4657994,difficult hone,Other
4657994,hone message,Other
4657994,message leverage,Other
4657994,leverage sale,Other
4657994,sale team,Other
4657994,key area,Other
4658868,content license,Other
4658868,category solution,Other
4658868,solution fall,Other
4658868,costprohibitive solution,cost
4658868,solution fall,Other
4659257,implement demand,needs
4659257,smaller demand,needs
4659257,demand gen,needs
4659257,gen team,Other
4659257,expanding effort,Other
4659257,effort bit,Other
4659257,difficult account,Other
4659257,leaned account,Other
4659257,account team,Other
4659257,team help,Other
4659257,nt thing,Other
4659257,bad thing,Other
4659257,room grow,Other
4659651,difficult multifunction,Other
4659651,multifunction team,Other
4659651,team manage,Other
4659807,nt complaint,Other
4659807,valued partner,needs
4660027,quarterly report,Other
4660027,report methodology,Other
4660027,additional detail,Other
4660027,detail explanation,Other
4660094,previous company,Other
4660291,nt anything,Other
4660291,add everything,Other
4660580,portion audience,Other
4660580,audience view,Other
4660580,view information,Info
4660580,information skepticism,Info
4660580,ample information,Info
4660815,leading saas,social
4660815,site view,Other
4660815,necessary evil,Other
4660815,need presence,Other
4660815,money order,cost
4660815,return number,Other
4660815,bigger company,Other
4660815,company customer,Other
4660815,inherent advantage,Other
4660815,advantage startup,Other
4660815,growing company,Other
4660815,account team,Other
4660815,seems something,Other
4660815,something couldshould,Other
4660905,mind experience,Info
4660905,marketing solution,Other
4660905,solution team,Other
4660905,informative helpful,Info
4661548,terminus integration,Other
4661548,integration complexity,Other
4661548,complexity salesforce,Other
4661548,salesforce integration,Other
4662610,profile category,Other
4662610,complex portfolio,Other
4662610,embedded solution,Other
4662812,different user,Other
4662812,user type,Other
4662812,type result,Other
4662812,result company,Other
4662812,company product,Other
4662812,grid report,Other
4662812,report bit,Other
4662812,different case,Other
4662812,internal adoption,Other
4662812,adoption intent,Other
4662812,intent data,Other
4662812,data comparison,Other
4662812,comparison page,landing and other pages
4662812,data hand,Other
4662812,simple leverage,Other
4662812,leverage data,Other
4662812,help customer,Other
4662812,decision term,Other
4662812,prospect focus,Other
4662812,put nurture,Other
4662812,nurture track,Other
4663395,easier automate,Other
4663395,using salesforce,Other
4666860,intent data,Other
4666860,marketing program,tools and tech
4666860,user level,Other
4666860,level data,Other
4666860,intent company,Other
4666860,difficult data,Other
4666860,put data,Other
4666860,scalable program,tools and tech
4666992,amount report,Other
4666992,report offer,Other
4666992,dilutes validity,Other
4666992,prospect sale,Other
4666992,insight product,Other
4667026,think anything,Other
4667026,anything moment,Other
4668614,email notification,social
4668614,nt send,Other
4668614,send repetitive,Other
4668614,repetitive alert,Other
4668614,week company,Other
4668614,nt miss,Other
4668614,miss anything,Other
4668614,personal information,Info
4668614,nt person,Other
4668614,insight person,Other
4668614,little leverage,Other
4668614,larger outreach,Other
4668614,net outreach,Other
4668614,initial outreach,Other
4668614,outreach nt,Other
4668614,thing customer,Other
4668614,feel company,Other
4668614,choose video,Other
4668614,information nt,Info
4668614,left customer,Other
4668614,false claim,Other
4668614,verified customer,Other
4668614,customer make,Other
4668614,tarnish brand,Other
4668834,jump mind,Other
4668834,mind moment,Other
4668834,moment question,Other
4668834,question concern,Other
4668834,prompt helpful,Other
4668834,helpful c,Other
4668834,c team,Other
4669024,actual contact,Other
4669024,contact info,Info
4669024,hard person,Other
4669024,specific person,Other
4669024,different location,Other
4671079,content opportunity,Other
4671079,fullest potential,Other
4671454,dabbled couple,Other
4675082,thing team,Other
4675082,team effort,Other
4675082,solid team,Other
4675082,internal team,Other
4675082,create movement,Other
4675082,movement company,Other
4677865,enough question,Other
4677865,form lead,social
4700888,content license,Other
4700888,category product,Other
4700888,product meaning,Other
4700888,different product,Other
4700888,product type,Other
4700888,type pay,Other
4700888,group package,Other
4700888,package company,Other
4700888,multiple category,security
4700888,category making,Other
4704116,advantage service,Other
4704116,leveraged everything,Other
4705629,leaderboard quadrant,social
4705629,big promotion,Other
4705629,went customer,Other
4705629,customer future,Other
4705629,future buyer,Other
4705629,buyer campaign,Other
4705629,standing marketing,Other
4705629,marketing manager,Other
4705629,wrong employee,Other
4705629,employee count,Other
4705629,corrected employee,Other
4705629,employee count,Other
4705629,lowest spot,Other
4705629,spot change,Other
4705629,change number,Other
4705629,number employee,Other
4705629,nt clarity,Other
4705629,provide clarity,Other
4705629,larger company,Other
4705629,company logic,Other
4705629,ridiculous company,Other
4705629,large mean,Other
4705629,nt mean,Other
4705629,specific product,Other
4705629,smaller company,Other
4705629,smaller company,Other
4705629,solve mistake,Other
4705629,mistake nt,Other
4705629,found experience,Info
4705629,disappointing borderline,Other
4705629,dishonest hear,Other
4705629,hopeful hear,Other
4705629,discontinued promotion,Other
4705629,promotion profile,Other
4709094,current need,Other
4715099,minor challenge,Other
4715099,backendadmin side,Other
4715099,support staff,Other
4718346,difficult touch,Other
4718346,spend money,cost
4718346,touch product,Other
4718346,slow product,Other
4718346,updating product,Other
4718346,product profile,Other
4718346,worked update,Other
4718346,update profile,Other
4718346,sent update,Other
4718346,update listing,Other
4718346,single batch,Other
4718346,batch backend,Other
4718346,17th june,Other
4718346,comparison trustradius,Other
4718346,central nt,Other
4718346,weekly work,Other
4718346,work help,Other
4718346,gave access,Other
4718346,asleep wheel,Other
4718346,wheel sale,Other
4718346,sale team,Other
4718346,responsive sale,Other
4718346,sale experience,Info
4718346,appalling substandard,Other
4730641,future integration,Other
4730641,data crm,Other
4730641,company product,Other
4817941,set filter,Other
4817941,filter competitor,Other
4817941,competitor andor,Other
4817941,andor organization,Other
4817941,organization activitysignals,Other
4817941,filtering capability,Other
4817941,platform side,Other
4817941,recommend help,Other
4817941,help noise,Other
4934973,robust amount,Other
4934973,moving part,Other
4934973,part everything,Other
4934973,everything set,Other
5008260,minor issue,Other
5027867,looking data,Other
5073535,customize reference,Other
5073535,reference page,landing and other pages
5073535,campaign page,landing and other pages
5073535,page bit,landing and other pages
5073535,onbrand company,Other
5073535,company versus,Other
5284251,pricey let,cost
5284251,see delivers,Other
5306528,buyer intent,Other
5306528,intent data,Other
5306528,think everything,Other
5367011,continuous evolution,Other
5367011,evolution feature,Info
5367011,leader customer,social
5367011,customer feedback,Other
5367011,product research,tools and tech
5429101,update feature,Info
5429101,improve see,Other
5429101,insight intent,Other
5429101,intent signal,Other
5431886,skeptical market,Other
5431886,market presence,Other
5431886,quarterly report,Other
6545242,easier customer,Other
6545242,customer type,Other
6545242,type information,Info
6669429,pricing model,Other
6669429,nt line,Other
6669429,looking moment,Other
6829459,shared team,Other
6829459,team approach,Other
6829459,involved helpful,Other
6883064,nested place,Other
6883064,hard navigate,Other
6883064,navigate nt,Other
6883064,regular basis,Other
6883064,product category,Other
6889183,position grid,Other
7037491,internal admin,Other
7037491,admin menu,Other
7037491,little navigate,Other
7037491,confusing navigate,needs
7037491,navigate guess,Other
7037491,place company,Other
7037491,category nt,Other
7037491,relate product,Other
7037491,product maturity,Other
7037491,ie number,Other
7037491,number employee,Other
7037491,employee company,Other
7037491,impact product,Other
7037491,product quality,Info
7037491,nt product,Other
7037491,product make,Other
7058801,hidden instance,Other
7058801,several instance,Other
7058801,written client,Other
7058801,reason case,Other
7058801,product team,Other
7058801,team market,Other
7058801,market presence,Other
7058801,algorithm bit,Other
7058801,blurry position,Other
7058801,influence position,Other
7058801,questionnaire please,Other
7058801,lightweight customer,Other
7058801,difficult customer,Other
7058801,customer page,landing and other pages
7058801,page questionnaire,landing and other pages
7058801,questionnaire order,Other
7058801,qualified report,Other
7058801,screenshot field,Other
7058801,required field,Other
7058801,optional client,Other
7058801,client nt,Other
7058801,add reason,Other
7058801,reason reject,Other
7058805,expensive service,cost
7058805,service service,Other
7058805,make value,needs
7058805,value money,needs
7058805,cheaper nt,Other
7059389,think moment,Other
7062945,navigational thing,Other
7062945,improved bit,Other
7062945,second thing,Other
7062945,credit card,Other
7062945,card receipt,security
7062945,receipt bit,security
7062945,buy buyer,Other
7062945,buyer incentive,Other
7062945,incentive credit,Other
7062945,credit amazon,Other
7062945,amazon rep,Other
7062945,working fixing,Other
7063369,substantial effort,Other
7063369,demanding customer,needs
7063493,monthly news,Other
7063493,news reel,Other
7063733,create report,Other
7063733,report pull,Other
7063733,daily comms,Other
7063733,comms csm,Other
7063905,working team,Other
7063926,thing bit,Other
7063926,hard find,Other
7063941,admin confusing,needs
7063941,portal confusing,needs
7063941,take bit,Other
7064218,pricing aleays,Other
7064218,additional cost,cost
7064409,beneficial version,Other
7064409,visual version,Other
7064409,content marketing,Other
7064619,unaudited meaning,Other
7064619,competitor nt,Other
7064619,actual competitor,Other
7064619,competitor mean,Other
7064619,irrelevant consumer,Other
7064619,logged product,Other
7064619,product admin,Other
7064619,tricky navigate,Other
7064619,navigate nt,Other
7064728,highlight issue,Other
7064728,issue incentive,Other
7064728,reimbursed customer,Other
7064728,customer campain,Other
7064728,small number,Other
7064728,resolved team,Other
7064784,pricing bit,Other
7064784,steep data,Other
7064784,intent data,Other
7064784,data data,Other
7064784,nt functionality,Other
7064784,functionality platform,Other
7064784,platform integration,Other
7064817,backend navigate,Other
7064817,little navigate,Other
7064817,difficult navigate,Other
7064817,found discovery,Other
7064817,discovery call,Other
7064817,little salesperson,Other
7064817,underwhelming salesperson,Other
7064817,planning campaign,Other
7064817,tool take,tools and tech
7066989,quiet tool,tools and tech
7066989,nt buying,Other
7066989,buying stage,Other
7066989,stage company,Other
7067047,rank solution,Other
7067047,solution platform,Other
7067047,exploiting system,Other
7067096,specific badge,tools and tech
7067096,badge category,tools and tech
7067096,eg leader,social
7067096,leader multiple,social
7067096,multiple category,security
7068196,criterion bit,Other
7068196,confusing grid,needs
7068196,displayed grid,Other
7068196,standing result,Other
7069273,reliable platform,Other
7069273,platform customer,Other
7072321,think shame,Other
7072321,premium membership,security
7072321,membership price,security
7072321,steep company,Other
7072321,smaller company,Other
7072321,benefit marketing,Other
7072321,marketing tool,tools and tech
7072338,find service,Other
7072338,expensive business,cost
7072338,small business,Other
7072338,confusing search,tools and tech
7072338,search thing,tools and tech
7072610,encourage client,Other
7072610,client team,Other
7072610,involved mission,Other
7072610,impacted employee,Other
7072610,employee company,Other
7072610,valueadded job,needs
7072685,beginning bit,Other
7072685,included plan,Other
7072685,unfamiliar name,Other
7072685,name platform,Other
7072685,platform feature,Info
7072685,disadvantage manager,Other
7072685,recommend level,Other
7072685,pro level,Other
7072685,invest bit,Other
7072685,admin panel,Other
7072879,developing project,Other
7072879,project everyone,Other
7072879,responsive doubt,Other
7072879,side doubt,Other
7072879,doubt leverage,Other
7072879,leverage presence,Other
7072879,demonstrate value,needs
7072879,value profit,roi
7073088,minor tweak,Other
7073088,ui tweak,Other
7073088,subjective nt,Other
7073088,nt anything,Other
7073088,bit trial,Other
7073088,license upgrade,Other
7073246,matter fr,Other
7073246,e customer,Other
7073246,think work,Other
7073246,badge position,tools and tech
7073246,position grid,Other
7073246,uki customer,Other
7073313,platform gathering,Other
7073313,strict process,Other
7073313,longer share,Other
7073313,user share,Other
7073313,share feedback,Other
7074644,random page,landing and other pages
7074644,created product,Other
7074644,unadopted customer,Other
7074644,whicht impact,Other
7074644,impact search,tools and tech
7074644,search result,tools and tech
7074664,believe price,cost
7074664,price report,cost
7074664,expensive subscription,security
7074680,little uncertainty,Other
7074680,uncertainty report,Other
7074680,display head,Other
7074680,head comms,Other
7074680,comms deadline,Other
7074680,deadline helpful,Other
7074781,browsed competitor,Other
7074781,actual buyer,Other
7074942,serious trouble,Other
7074942,running campaign,Other
7074955,expected project,Other
7074955,investing project,Other
7074955,project crosscompany,Other
7074955,crosscompany effort,Other
7074955,want invest,Other
7074955,started system,Other
7074955,system work,Other
7075152,expanding way,Other
7075152,collect leverage,Other
7075421,paid plan,Other
7075421,little platform,Other
7075421,pricey platform,cost
7075437,run analysis,Other
7075609,expensive value,needs
7075609,value insane,needs
7075907,dedicated csm,Other
7075907,returned clarification,Other
7076101,le moment,Other
7076443,different language,Other
7076486,form fill,Other
7076762,taxing create,Other
7076762,create maintain,Other
7076762,limited resource,Info
7078535,connect buyer,Other
7078535,intent slack,needs
7078535,signal slack,needs
7078880,expensive company,cost
7078880,smaller company,Other
7079149,customize page,landing and other pages
7079149,describe process,Other
7079149,process bit,Other
7079149,bit person,Other
7079155,customize page,landing and other pages
7079155,page information,Info
7079267,backend quirk,Other
7079267,ui quirk,Other
7079267,list way,Other
7079267,scrolling way,Other
7079267,expect button,Other
7079715,company profile,Other
7079715,profile page,landing and other pages
7079715,little bug,Info
7079715,customizable bug,Info
7079715,bug fan,Info
7079715,fan discussion,Other
7079715,discussion section,Other
7079715,section nto,Other
7079715,allowed curate,Other
7079715,curate faq,Other
7079902,specific info,Info
7079902,serious info,Info
7079902,extra info,Info
7080431,price increase,cost
7080431,increase renewal,Other
7080431,difficult customer,Other
7080431,due customer,Other
7080431,regular pushback,Other
7080431,pushback customer,Other
7080431,due length,Other
7080431,requirement length,Other
7080431,length questionnaire,Other
7080431,screenshot aspect,Other
7080431,shame badge,tools and tech
7080431,awarded software,tools and tech
7080431,software provider,tools and tech
7080431,alongside provider,Other
7080431,provider profile,Other
7080431,profile software,tools and tech
7080431,category list,Other
7080431,extra kudos,Other
7080431,kudos profile,Other
7081358,custom report,Other
7081358,dashboard report,Other
7081358,asking customer,Other
7082855,customisation option,Other
7082855,option help,Other
7082855,keep onbrand,Other
7082855,embedding website,Other
7083067,sticking point,Other
7083067,point customer,Other
7083716,improved experience,Info
7083716,upon experience,Info
7083716,availability offering,Other
7083716,based price,cost
7083716,price point,cost
7083716,point opinion,Other
7083716,investment investment,Other
7083716,believe access,Other
7083716,access portion,Other
7083716,portion tool,tools and tech
7083920,factor decision,Other
7083920,premium offering,Other
7083999,small glitch,Other
7083999,glitch dashboard,Other
7083999,account manager,Other
7083999,nt help,Other
7083999,think anything,Other
7084247,place website,Other
7084839,swap team,Other
7084839,change account,Other
7084839,account manager,Other
7084839,overall end,Other
7084839,tend end,Other
7084839,account manager,Other
7085804,website structure,Other
7085804,little bit,Other
7085865,technical challenge,Other
7085865,integrationsrelated challenge,Other
7085865,challenge require,Other
7085865,require escalation,Other
7085865,sync online,Other
7085865,lack online,needs
7085865,sufficient online,Other
7085865,online documentation,needs
7085865,practice andor,Other
7085865,andor case,Other
7085865,case study,Other
7085865,specific case,Other
7085865,involving hubspot,Other
7085865,hubspot buyer,Other
7085865,buyer intent,Other
7085865,intent integration,Other
7085983,see downside,Other
7085983,platform result,Other
7086011,unusable admin,Other
7086011,mobile admin,Other
7086011,logged admin,Other
7086011,admin mode,Other
7086145,trial buyer,Other
7086145,buyer intent,Other
7086145,intent tool,tools and tech
7086145,nt tool,tools and tech
7086145,beneficial tool,tools and tech
7086145,similar tool,tools and tech
7086161,metric overview,Other
7086161,overview performance,Other
7086161,performance category,Other
7086161,view data,Other
7086161,comparative report,Other
7086161,buildyourown report,Other
7086161,report feature,Info
7086404,platform work,Other
7086404,missing piece,Info
7086404,affecting product,Other
7086404,product performance,Other
7086404,performance example,Other
7086404,online presence,Other
7086404,quarter etc,Other
7086454,thing dont,Other
7086454,dont link,Other
7086454,link fact,Other
7086454,fact chance,Other
7086454,chance edit,Other
7086454,edit question,Other
7086454,user send,Other
7086454,answer question,Other
7086793,account manager,Other
7086793,difficult build,Other
7086793,build relationship,security
7086793,stable communication,Other
7086793,current manager,Other
7090019,find data,Other
7090019,fro team,Other
7090019,c team,Other
7091664,anything tool,tools and tech
7091664,tool change,tools and tech
7091664,managementrelated issue,Other
7091664,running support,Other
7091704,longer moderation,Other
7091704,past moderation,Other
7091704,public platform,Other
7091704,platform offer,Other
7091704,marketing promotion,Other
7091704,promotion opportunity,Other
7091704,necessary level,Other
7091704,level platform,Other
7091704,define priority,Other
7091704,additional resource,Info
7091704,resource startup,Info
7091704,startup size,Other
7091704,size stage,Other
7091704,stage team,Other
7091704,team allocate,Other
7091704,allocate platform,Other
7091989,improve work,Other
7091989,work system,Other
7092306,see person,Other
7092306,person role,Other
7092306,role person,Other
7092306,looking product,Other
7092514,hard increase,Other
7092514,increase usability,Other
7092514,usability everything,Other
7092514,everything platform,Other
7092927,restriction content,Other
7092927,related licensing,Other
7094073,mind marketing,Other
7094073,marketing solution,Other
7094073,marketing material,Other
7094073,material customer,Other
7094073,customer express,Other
7094073,thing guess,Other
7094073,nt change,Other
7094073,want change,Other
7094503,algorithm change,Other
7094503,grid change,Other
7094503,ranking change,Other
7094503,difficult track,Other
7094503,keep track,Other
7094503,track thing,Other
7094503,thing perform,Other
7094503,csm team,Other
7094503,keeping date,Other
7094503,change thing,Other
7094503,ability control,Other
7094503,control datanew,Other
7094503,datanew account,Other
7094503,account move,Other
7094503,move hubspot,Other
7094503,hubspot integration,Other
7094503,current shape,Other
7094503,shape integration,Other
7094503,integration bit,Other
7094620,nt mention,Other
7094620,mention anything,Other
7094620,team support,Other
7094620,answer question,Other
7094728,marketing solution,Other
7094730,mind functionality,Other
7095067,translate traffic,Other
7095067,traffic company,Other
7095067,company website,Other
7095413,specific appreciate,Other
7095413,integrability salescustomer,Other
7095413,tech stack,Other
7095413,stack connector,Other
7095413,manual mapping,Other
7095413,mapping contact,Other
7095432,take age,Other
7095432,age impatient,Other
7097274,room context,Other
7097274,context lead,social
7099064,market presence,Other
7099064,emphasis number,Other
7099064,number employee,Other
7099064,employee company,Other
7099064,quality product,Info
7099064,product service,Other
7099064,contrary company,Other
7099064,small company,Other
7099064,fewer employee,Other
7099064,big company,Other
7102303,paid version,Other
7102303,enthusiasm company,Other
7102303,company example,Other
7102303,nt see,Other
7102303,concerning intent,Other
7102303,intent data,Other
7102303,paid promotion,Other
7102303,promotion ad,Other
7102303,ad category,Other
7102303,spot competitor,Other
7102303,nt experience,Info
7102303,nt traffic,Other
7102644,intent data,Other
7102644,irrelevant number,Other
7102644,seems number,Other
7102644,number issue,Other
7102644,past month,Other
7102644,several month,Other
7102644,month dashboard,Other
7102644,dashboard nt,Other
7102644,nt work,Other
7102644,inconsistent data,Other
7102644,icpvertical data,Other
7102644,provides data,Other
7102644,irrelevant company,Other
7102644,company cause,Other
7102644,cause issue,Other
7102644,abm strategy,Other
7102644,customer successrelationship,security
7102644,successrelationship team,security
7102644,unhelpful platform,Other
7102644,litle platform,Other
7102644,promise issue,Other
7102644,follow issue,Other
7102644,relationship manager,security
7102916,moderated week,Other
7103000,calculates market,Other
7103000,market presence,Other
7103000,scoring bit,Other
7103000,blurry position,Other
7103000,influence position,Other
7103000,grid score,Other
7103000,score position,Other
7103000,grid day,Other
7103000,vary day,Other
7103000,day day,Other
7103886,hard revenue,roi
7103886,attribute revenue,roi
7103886,revenue product,roi
7103886,product company,Other
7103886,believe make,Other
7103886,make sense,Other
7103886,holistic marketing,Other
7103886,marketing approach,Other
7105388,communicating delivers,Other
7108353,tricky sense,Other
7108353,larger organisation,Other
7108353,benefit area,Other
7108353,impact area,Other
7108353,area business,Other
7108353,reflected case,Other
7108353,minimal presence,Other
7115139,support team,Other
7115139,slow respond,Other
7115139,received response,Other
7115139,response relationship,security
7115139,relationship manager,security
7115139,way something,Other
7115139,actioned category,Other
7115139,meet criterion,Other
7115139,included report,Other
7115139,missing benefit,Info
7115164,way product,Other
7115898,pricing pricy,Other
7115898,pricy nt,Other
7115898,lacking capacity,needs
7118969,future project,Other
7119054,clumsy product,Other
7119054,ranking system,Other
7119054,data date,Other
7119054,date request,Other
7119054,request update,Other
7119054,specialist work,Other
7119054,annoying robot,Other
7119054,robot assistant,Other
7119054,assistant vendor,Other
7119054,vendor account,Other
7119054,account pop,Other
7123216,market presence,Other
7123829,overall marketing,Other
7123829,marketing presence,Other
7123829,presence score,Other
7124004,content result,Other
7124004,result possibility,Other
7124004,object decision,Other
7124004,decision moderation,Other
7124004,moderation team,Other
7124004,transparent company,Other
7124166,different service,Other
7124166,refine category,Other
7124716,lead generation,social
7124716,generation opportunity,Other
7127190,start buyer,Other
7127190,buyer intent,Other
7127190,intent data,Other
7127190,nonexistent part,Other
7127190,big part,Other
7127190,part lead,social
7127190,lead generation,social
7127190,generation strategy,Other
7127190,strategy visibility,Other
7127190,visibility visit,Other
7127190,visit profile,Other
7127190,server error,Other
7127190,using site,Other
7127190,daily customer,Other
7127190,minimum help,Other
7127190,resolve issue,Other
7127589,upload screendump,Other
7127589,order place,Other
7127746,missing level,Info
7127746,level experience,Info
7127746,specific product,Other
7127812,possibility list,Other
7127812,list product,Other
7127812,supported category,Other
7132388,think value,needs
7132388,value discussion,needs
7132388,discussion section,Other
7132388,section vendor,Other
7132388,vendor perspective,Other
7132388,category match,Other
7132388,nt match,Other
7132388,match software,tools and tech
7132388,tool category,tools and tech
7132388,category competitor,Other
7132388,overlapping feature,Info
7136979,paid package,Other
7136979,costly europe,cost
7136979,firm europe,Other
7136979,central europe,Other
7136979,usefulness feature,Info
7138811,hard incentivize,Other
7138811,difficult access,Other
7138811,find bit,Other
7145880,additional feature,Info
7145880,nt comment,Other
7145880,aspect clearer,Other
7145880,ui clearer,Other
7145880,clearer picky,Other
7145951,guarantee product,Other
7145951,product position,Other
7146576,premium package,Other
7146882,longer find,Other
7146882,tricky find,Other
7146882,anonymous customer,Other
7146882,specific customer,Other
7147074,vague reason,Other
7147074,reason reconsideration,Other
7147074,approval procesess,Other
7147296,tracking link,Other
7147296,link result,Other
7147369,subject moment,Other
7148208,capability demand,needs
7148208,corresponding csm,Other
7148208,longer comparison,Other
7148208,comparison tool,tools and tech
7148208,eg campaign,Other
7148208,campaign setup,Other
7148208,charging account,Other
7150345,way matter,Other
7150345,matter grid,Other
7150345,saas service,Other
7150345,service leader,social
7150345,quadrant spot,Other
7150345,spot challenge,Other
7150345,saas service,Other
7150345,service niche,Other
7150345,niche product,Other
7150345,product offering,Other
7150345,offering service,Other
7150345,service expertise,Other
7150345,difficult maintain,Other
7150345,maintain climb,Other
7150345,user company,Other
7150530,user interface,needs
7150530,hard tab,Other
7150530,hard report,Other
7150530,click report,Other
7150530,find report,Other
7150530,opened day,Other
7151560,unclear algorithm,Other
7151560,algorithm market,Other
7151560,market presence,Other
7151560,category ranking,Other
7151733,pricey startup,cost
7151733,startup offering,Other
7153589,complain everything,Other
7153589,everything look,Other
7153589,implementation til,Other
7154141,currency future,Other
7164670,small company,Other
7164670,difficult emphasis,Other
7164670,big emphasis,Other
7164670,emphasis number,Other
7164670,included report,Other
7166899,account rep,Other
7167020,nt customer,Other
7167020,implemented customer,Other
7167020,customer support,Other
7167020,support team,Other
7167021,difficult track,Other
7167021,influence deal,Other
7167021,deal data,Other
7167021,helpful react,Other
7167708,easier form,Other
7167708,overall tool,tools and tech
7167737,way market,Other
7167737,market presence,Other
7167737,presence score,Other
7167737,calculated work,Other
7167737,work work,Other
7167737,work work,Other
7167737,value buyer,needs
7167737,buyer intent,Other
7167737,intent result,Other
7167737,generic cost,cost
7169142,online site,Other
7169142,site ton,Other
7169142,helpful information,Info
7169142,information menu,Info
7169142,menu navigation,Other
7169142,navigation name,Other
7169142,name submenu,Other
7169142,easiest log,Other
7169142,navigate log,Other
7169142,take bit,Other
7184476,hesitant share,Other
7184797,layout structure,Other
7184797,structure information,Info
7184797,information admin,Info
7184797,admin section,Other
7184797,clarity quicker,Other
7184797,quicker access,Other
7185301,campaign gift,Other
7185301,gift card,Other
7185301,card bonus,Other
7185301,nt work,Other
7186446,overall tool,tools and tech
7186446,limitation information,Info
7186446,pushed platform,Other
7186446,platform hubspot,Other
7186446,improvement work,Other
7186453,qualified lead,social
7186453,profile nt,Other
7186453,nt convert,Other
7186990,spring mind,Other
7187666,nt downside,Other
7187666,using fraction,Other
7187666,fraction tool,tools and tech
7187666,problem end,Other
7187666,tool way,tools and tech
7187666,confusing way,needs
7197276,business rank,Other
7197276,rank catagories,Other
7197276,match comparison,Other
7197276,apple apple,Other
7197276,apple skews,Other
7197462,geobased see,Other
7197462,filtering see,Other
7197462,see service,Other
7197462,service availability,Other
7197462,location pricing,Other
7197462,pricing conversion,Other
7198406,nt something,Other
7198406,specific criterion,Other
7198406,regarding category,Other
7198406,see competitor,Other
7198406,category impact,Other
7198406,impact analytics,Other
7202115,take bit,Other
7202115,utilize tool,tools and tech
7202115,tool team,tools and tech
7202206,think anything,Other
7204896,think moment,Other
7206440,set campaign,Other
7207945,process datacontact,Other
7207945,datacontact submission,Other
7208348,negative allocation,Info
7208348,allocation fund,Other
7208348,fund landing,Other
7208348,landing page,landing and other pages
7208348,intuitive someone,Other
7208348,miss fact,Other
7208348,fact fund,Other
7208357,admin panel,Other
7208357,bug problem,Info
7208357,remain month,Other
7208547,month period,Other
7208547,period partner,Other
7208547,nt count,Other
7208547,count report,Other
7208547,report release,Other
7208637,downside marketing,Other
7208637,marketing solution,Other
7208637,need create,Other
7208637,create account,Other
7208637,questionnaire bit,Other
7208750,difficult pay,Other
7208760,entire quarter,Other
7208760,solution team,Other
7208760,team support,Other
7208760,stage building,Other
7208760,plenty reason,Other
7208760,continue building,Other
7208760,building relationship,security
7209240,personal dashboard,Other
7209240,ux nt,Other
7209240,intuitive nt,Other
7209240,learn navigate,Other
7209545,workflow take,Other
7209545,set client,Other
7212456,intent data,Other
7212456,category le,Other
7212456,fewer visit,Other
7212456,visit intent,Other
7212456,intent data,Other
7216281,bit pricy,Other
7216281,lead gen,social
7216281,gen option,Other
7216281,option need,Other
7216383,think thing,Other
7216383,tracking link,Other
7216383,link team,Other
7216383,team everything,Other
7223916,helpful help,Other
7223916,looking help,Other
7225052,want way,Other
7225052,way segment,Other
7225052,segment data,Other
7225052,data buyer,Other
7225052,buyer intent,Other
7225052,intent signalsnotifications,Other
7225052,tag thing,Other
7225052,thing b2b,Other
7225052,b2b b2c,Other
7225052,move segmenting,Other
7225052,segmenting data,Other
7230213,nt mention,Other
7230213,mention anything,Other
7230213,minor issue,Other
7230213,ux issue,Other
7230213,web dashboard,Other
7230213,dashboard nt,Other
7231459,see algorithm,Other
7231459,grid report,Other
7231459,market presence,Other
7231459,happening market,Other
7231459,data point,Other
7231459,point report,Other
7231613,tool ask,tools and tech
7242063,client bit,Other
7242063,change way,Other
7242063,ask question,Other
7242863,short amount,Other
7243072,paid campaign,Other
7243072,depth insight,Other
7243072,visiting page,landing and other pages
7244261,impossible professional,Other
7248049,fact data,Other
7248049,small campaign,Other
7248049,used campaign,Other
7250291,nt anything,Other
7250570,think anything,Other
7250570,solid platform,Other
7250570,platform round,Other
7251300,moderated week,Other
7252472,scope platform,Other
7252472,nt information,Info
7252472,mean information,Info
7252472,different area,Other
7252472,area platform,Other
7255648,reducing frequency,Other
7258203,expensive buyer,cost
7258203,buyer intent,Other
7258203,intent data,Other
7261477,tie place,Other
7261477,multiple place,security
7261477,place position,Other
7261477,difficult create,Other
7261477,create marketing,Other
7261477,marketing strategy,Other
7261546,business plan,Other
7261546,plan price,cost
7261546,price bit,cost
7261546,complex customer,Other
7261546,beginning customer,Other
7261546,explaining follow,Other
7261646,user interface,needs
7261646,find thing,Other
7261646,frontend backend,Other
7261646,backend need,Other
7261646,need improvement,Other
7261693,transparency category,Other
7261693,category helpful,Other
7262262,invitation campaign,Other
7262262,file customer,Other
7262262,customer list,Other
7262262,advance price,cost
7262262,price content,cost
7262262,content package,Other
7262262,package bit,Other
7262262,company need,Other
7262558,inform customer,Info
7262558,little fault,Other
7262558,else fault,Other
7262558,fault platform,Other
7263429,profile page,landing and other pages
7263429,page way,landing and other pages
7263429,audience company,Other
7263668,bit program,tools and tech
7263668,overhead program,tools and tech
7263668,running program,tools and tech
7263668,program profile,tools and tech
7263808,nt complaint,Other
7263808,complaint mark,Other
7263808,mark henry,Other
7263808,helpful feature,Info
7263808,grip feature,Info
7263820,teething issue,Other
7263820,hard track,Other
7263820,track lead,social
7263820,buyer intent,Other
7263820,indicative inmarket,Other
7263820,inmarket opportunity,Other
7263845,process end,Other
7263845,end customer,Other
7263845,customer submit,Other
7263845,lengthy contract,Other
7263845,offputting contract,Other
7263845,side thing,Other
7263845,complex benefit,Other
7263845,need benefit,Other
7264830,think functionality,Other
7268013,mind service,Other
7268236,want make,Other
7268834,extract data,Other
7268834,current plan,Other
7268902,nt anything,Other
7268902,platform thing,Other
7268902,insight buyer,Other
7268902,buyer intent,Other
7268902,intent feature,Info
7268902,extra cost,cost
7269533,intent data,Other
7269533,data zoominfo,Info
7269533,requires package,Other
7269608,make site,Other
7274157,small improvement,Other
7274157,admin site,Other
7274157,nt challenge,Other
7274157,saas company,Other
7274761,buyer intent,Other
7274761,intent data,Other
7274761,data salesforce,Other
7274761,salesforce integration,Other
7274761,integration nt,Other
7274761,nt work,Other
7283030,option edit,Other
7283030,edit information,Info
7283030,information company,Info
7283672,cant anything,Other
7283672,think anything,Other
7296379,user mention,Other
7296379,mention name,Other
7296379,send notification,Other
7296379,improve prefer,Other
7296379,prefer reach,Other
7296379,plan case,Other
7296379,mitigation plan,Other
7296379,generate link,Other
7296379,personal link,Other
7296379,csm jatin,Other
7296379,jatin chaudhari,Other
7296379,scheduled report,Other
7327661,deadline award,Other
7327661,small medium,Other
7327661,medium business,Other
7327661,short amount,Other
7333501,lose traction,Other
7333501,traction competitor,Other
7333501,nt ton,Other
7333501,add ton,Other
7333501,incremental value,needs
7333501,value marketing,needs
7333501,marketing activity,Other
7441467,salesforce appexchange,Other
7441640,nt anything,Other
7441640,negative experience,Info
7450059,nt insight,Other
7450059,helpful insight,Other
7450059,insight competition,Other
7450826,provide bit,Other
7450826,context extent,Other
7450826,extent transparency,Other
7451385,transparency thing,Other
7451385,calculated everything,Other
7451385,public thing,Other
7451385,create strategy,Other
7456035,le desire,Other
7456035,desire game,Other
7456035,game system,Other
7456035,feel position,Other
7456035,position grid,Other
7456035,algorithm nt,Other
7456035,representation market,Other
7456035,market share,Other
7456035,share perception,Other
7456035,algorithm profile,Other
7456035,potential profile,Other
7456185,difficult buyer,Other
7456185,buyer intent,Other
7456185,intent data,Other
7456185,data integration,Other
7456185,running support,Other
7456185,support team,Other
7456185,walk question,Other
7456185,question everything,Other
7456185,responsive regard,Other
7456185,customize campaign,Other
7456185,campaign email,social
7456185,sending campaign,Other
7456185,campaign end,Other
7456185,global company,Other
7456185,company difficulty,Other
7456185,difficulty customer,Other
7456185,trust site,Other
7456185,site visibility,Other
7483181,bug adminui,Info
7771175,standardized process,Other
7771175,process business,Other
7771175,specific deal,Other
7771175,deal size,Other
7771175,size sale,Other
7771175,sale cycle,Other
7771175,internal capacity,Other
7771175,capacity etc,Other
7771382,based company,Other
7771382,company base,Other
7771382,individual base,Other
7790878,portal page,landing and other pages
7790878,little page,landing and other pages
7790878,slow page,landing and other pages
7790878,becaus page,landing and other pages
7790878,graphical page,landing and other pages
7790878,required design,Other
7853817,expensive cost,cost
7853817,believe cost,cost
7853817,make sense,Other
7880060,need support,Other
7880060,receive solution,Other
7929995,cover wider,Other
7929995,wider range,Other
7929995,range software,tools and tech
7929995,confuse feedback,Other
7929995,decision trustworthy,Other
7929995,trustworthy software,tools and tech
7940827,marketing solution,Other
7940827,solution website,Other
7940827,overall everything,Other
7971836,correct solution,Other
7971836,nt something,Other
8101866,system rate,Other
8101866,rate score,Other
8101866,score nt,Other
8101866,make sense,Other
8101866,sense user,Other
8101866,nt tell,Other
8188707,platform allinone,Other
8188707,allinone marketing,Other
8188707,marketing solution,Other
8188707,lesser downside,Other
8188707,delete option,Other
8188707,feasible selection,Other
8225997,affordable pricing,Other
8225997,pricing plan,Other
8562297,negative mention,Info
8562297,freedom discover,Other
8562297,wide variety,Other
8562297,variety product,Other
8562297,informed decision,Info
8574413,grid report,Other
8574413,make bit,Other
8574413,exclusive report,Other
8574413,difficult report,Other
8578291,imbed sale,Other
8578291,sale process,Other
8578792,ability integrate,Other
8578792,integrate cam,Other
8578792,cam intent,Other
8578792,intent data,Other
8579454,used brazil,Other
8579454,brazil therefore,Other
8579454,nt work,Other
8638518,ranking buyer,Other
8638518,buyer intent,Other
8638518,intent integration,Other
8638518,integration hubspot,Other
8709447,inital amount,Other
8709447,begin lakh,Other
8709447,lakh rupee,Other
8709447,small startup,Other
8791821,extensive take,Other
8791821,thing work,Other
8791821,advantage feature,Info
8791821,analytics bit,Other
8791821,bit mystery,Other
8808059,listing company,Other
8808059,company category,Other
8974453,setting bar,Other
8974453,bar peer,Other
8975098,badge report,tools and tech
8975292,rejected appeal,Other
8975292,appeal process,Other
8975292,process way,Other
8975292,way company,Other
8975333,moderation process,Other
8975333,rejected process,Other
8975333,lengthy annoying,Other
8975333,overall annoying,Other
8975344,janky write,Other
8975344,write justify,Other
8975344,justify category,Other
8975344,explain category,Other
8975344,nt category,Other
8975344,underneath category,Other
8975344,needed explain,Other
8975344,explain longform,Other
8975344,identified competitor,Other
8975344,category monty,Other
8975344,talking monty,Other
8975344,recognize product,Other
8975344,product category,Other
8975344,provided page,landing and other pages
8975344,unrelated market,Other
8975344,market segment,Other
8975344,nt access,Other
8975344,structured database,tools and tech
8975344,database information,Info
8975344,lack company,needs
8975344,company category,Other
8975344,initial traction,Other
8975344,signed contract,Other
8975344,someone nt,Other
8975344,user brand,Other
8975344,pageviews tell,landing and other pages
8975344,tell folk,Other
8975344,subscribed brand,Other
8975344,brand push,Other
8975344,updated information,Info
8975344,passing interest,Other
9004930,platform excels,Other
9004930,identifying purchase,Other
9004930,purchase intent,Other
9004930,valuable decision,Other
9004930,insight decision,Other
9004930,strategic decision,Other
9043231,responsive question,Other
9043231,question concern,Other
9078668,call feature,Info
9078668,eg granularity,Info
9078668,granularity slack,Info
9078668,slack notification,needs
9078668,essential slack,needs
9078668,slack notification,needs
9122785,sort question,Other
9122785,question concern,Other
9144447,functionality uncover,Other
9144460,due structure,Other
9144460,organizational structure,Other
9144460,structure priority,Other
9144460,content integration,Other
9144460,paying subscription,security
9144460,subscription fee,security
9144460,challeging justify,Other
9144460,justify expense,cost
9144490,team spend,Other
9144490,game changer,Other
9144588,market presence,Other
9144588,reporting need,needs
9144588,intent audience,Other
9144588,audience add,Other
9144588,esential subscription,security
9144698,want promote,Other
9144698,promote performance,Other
9144698,difficult spend,Other
9144698,additional spend,Other
9144698,spend content,Other
9144698,content subscription,security
9144746,productbased approach,Other
9144746,pose challenge,Other
9144746,challenge business,Other
9144746,multiple product,security
9144746,product customer,Other
9144746,overarching brand,Other
9144746,specific product,Other
9144746,individual product,Other
9144750,different piece,Other
9144750,piece manage,Other
9144777,product ecosystem,Other
9144777,experience limitation,Info
9144777,multiple product,security
9144777,product page,landing and other pages
9144777,depending subscription,security
9144777,category nt,Other
9144777,product offer,Other
9144777,poorly position,Other
9144777,position company,Other
9144777,ai product,Other
9144777,product tool,tools and tech
9144777,tool emerge,tools and tech
9144777,keep pace,Other
9144777,corresponding category,Other
9144853,expensive access,cost
9144853,hard measure,Other
9144853,measure roi,roi
9144919,grid report,Other
9144919,paid content,Other
9144919,content subscription,security
9145252,found disadvantage,Other
9147709,challange grow,Other
9147709,requires investment,Other
9147709,presence platform,Other
9148570,simpleness question,Other
9148570,quality feedback,Info
9148570,response customer,Other
9148665,way capture,Other
9148665,additonal lead,social
9148665,lead platform,social
9148665,ie ppc,Other
9148665,ppc program,tools and tech
9149151,volume recency,Other
9149151,emphasis quality,Info
9149151,content marketing,Other
9149151,marketing team,Other
9149151,difficult marketer,Other
9149151,strike balance,Other
9149151,quality quantity,Info
9149151,quantity respond,Other
9149151,taking advantage,Other
9149151,offer marketing,Other
9149151,marketing team,Other
9149151,team today,Other
9149175,hard find,Other
9149175,somewhere fall,Other
9149175,short thing,Other
9149175,marketing asset,social
9149175,asset vendor,social
9149175,portal html,Other
9149175,embed code,Other
9149175,jpeg reach,Other
9149175,form reach,Other
9149175,reach csm,Other
9150722,put effort,Other
9150722,effort result,Other
9150803,program run,tools and tech
9151555,downside investment,Other
9151555,ton value,needs
9154233,compared platform,Other
9154233,lead generation,social
9154233,generation campaign,Other
9154843,control question,Other
9155545,learn feature,Info
9155545,feature utizile,Info
9156674,suite profile,Other
9156674,profile badge,tools and tech
9156674,grid promote,Other
9159026,downside experience,Info
9159026,competitor category,Other
9159026,robust report,Other
9159026,marketing piece,Other
9160066,biggest concern,Other
9160066,lead rate,social
9160066,converting rate,Other
9160066,rate convert,Other
9160066,convert pity,Other
9160066,modulated strategy,Other
9160066,strategy hope,Other
9160066,hope trend,Other
9160066,trend stay,Other
9160299,enough granularity,Info
9160299,signal ie,Other
9160299,ie property,Other
9160299,commercial property,Other
9160299,property management,Other
9160307,robust platform,Other
9160324,approval process,Other
9160324,process bit,Other
9160324,rigid appreciate,Other
9160324,appreciate ability,Other
9160324,end peer,Other
9160324,peer insight,Other
9160324,insight platform,Other
9162053,see company,Other
9162053,company feature,Info
9162053,position category,Other
9162053,category league,Other
9162053,table eg,Other
9162053,portal eg,Other
9162053,ranked company,Other
9163770,le quality,Info
9163770,quality authenticity,Info
9167134,thing note,Other
9167134,enough weight,Other
9169312,integration capability,Other
9169312,essential subscription,security
9169312,tier subscription,security
9171341,thing nt,Other
9171341,lead nt,social
9171464,difficult badge,tools and tech
9171464,content badge,tools and tech
9171464,quarterly badge,tools and tech
9171464,update badge,tools and tech
9171464,biannual badge,tools and tech
9171464,badge release,tools and tech
9171464,release calendar,Other
9171749,unfortunate bit,Other
9171749,guite bit,Other
9171749,bad actor,Other
9171749,actor slip,security
9171749,ur experience,Info
9171749,granted experience,Info
9171749,bad actor,Other
9171749,actor vendor,Other
9171749,incentivized ask,Other
9171769,current downside,Other
9171769,downside admin,Other
9171769,larger marketing,Other
9171769,marketing team,Other
9171769,smaller run,Other
9171769,run issue,Other
9171780,marketing solution,Other
9171780,solution marketing,Other
9171780,marketing technique,Other
9171780,nt meet,Other
9171780,meet goal,Other
9172342,different incentive,Other
9172342,incentive option,Other
9172342,donation pubsec,Other
9172342,finserv client,Other
9172342,strict guideline,Other
9172342,accepting gift,Other
9175382,believe limitation,Other
9175382,due privacy,security
9175382,privacy consideration,security
9175382,consideration contactlevel,Other
9175382,preferable list,Other
9175382,accountlevelcompany list,Other
9175382,level buying,Other
9175382,buying activity,Other
9175382,activity intent,Other
9175382,customize ie,Other
9175382,ie x,Other
9175382,x visit,Other
9175382,x visit,Other
9175382,least number,Other
9175382,number product,Other
9175382,profile category,Other
9179611,productcompany presence,Other
9179611,presence market,Other
9181442,thing feel,Other
9181442,helpful process,Other
9181442,easier process,Other
9181442,client nt,Other
9181442,want sign,Other
9181442,sign create,Other
9181442,create account,Other
9181442,account issue,Other
9181554,organization campaign,Other
9181554,le product,Other
9181554,impactful product,Other
9181554,nt category,Other
9181554,defined category,Other
9181554,difficult rise,Other
9181554,rise noise,Other
9181554,noise broader,Other
9181554,broader category,Other
9181559,taking advantage,Other
9181846,marketing solution,Other
9181846,pick category,Other
9181846,category product,Other
9181846,product fall,Other
9182339,identified experience,Info
9182339,marketing solution,Other
9182540,le product,Other
9182540,strict product,Other
9182540,lighter side,Other
9182540,side content,Other
9182540,content perspective,Other
9185072,recommend everyone,Other
9187672,encountered anything,Other
9194957,easier way,Other
9194957,way export,Other
9194957,csv question,Other
9194957,question overview,Other
9202903,stronger management,Other
9202903,senior management,Other
9202903,management leadership,social
9202903,leadership organization,social
9202903,organization capture,Other
9202903,capture voice,Other
9207335,biggest downside,Other
9207335,nonsubscribed product,Other
9207335,skews rating,Other
9207335,annual option,Other
9207335,biannual option,Other
9207335,option vendor,Other
9207335,vendor load,Other
9207335,load fund,Other
9207335,fund adhoc,Other
9207335,collection campaign,Other
9207335,vendor pay,Other
9207335,entire subscription,security
9207335,sourcing campaign,Other
9207335,nt quality,Info
9207335,highest quality,Info
9207335,simple middle,Other
9207335,middle ground,Other
9207335,ground intricateness,Other
9207335,tech issue,Other
9207335,vendor switching,Other
9207335,portal switching,Other
9207335,subscribed product,Other
9207335,nonsubscribed product,Other
9207335,subscribed product,Other
9207335,subscribed product,Other
9207335,product info,Info
9207335,begin display,Other
9207335,nonsubscribed product,Other
9207335,refresh page,landing and other pages
9207335,page navigate,landing and other pages
9207335,subscribed product,Other
9207335,view resume,Other
9228440,deeper insight,Other
9228440,competitive analysis,Other
9228440,compring page,landing and other pages
9228440,page rank,landing and other pages
9232379,potential downside,Other
9232379,downside cost,cost
9232379,cost service,cost
9232379,concern business,Other
9232379,return investment,Other
9232379,initial investment,Other
9232595,nt something,Other
9232595,find something,Other
9237121,lead generation,social
9237121,generation option,Other
9237121,heard colleague,Other
9237137,hard navigate,Other
9237137,expensive marketer,cost
9237137,small business,Other
9237137,business startup,Other
9237137,product service,Other
9237137,convert lead,social
9237137,paying customer,Other
9237137,different expectation,Other
9237137,competitive stand,Other
9237137,software vendor,tools and tech
9237137,market solution,Other
9237137,ranking rating,Other
9237564,solution la,Other
9237564,la carte,Other
9237564,carte versus,Other
9237564,tier gain,Other
9237564,gain access,Other
9237564,access solution,Other
9239658,marketing solution,Other
9246899,update creation,Other
9246899,creation filter,Other
9246899,filter data,Other
9308289,american search,tools and tech
9308289,giant search,tools and tech
9308289,technical approach,Other
9308289,harder user,Other
9308289,le familiarity,Other
9308289,familiarity business,Other
9308289,business software,tools and tech
9460993,appreciate tool,tools and tech
9473115,nt mention,Other
9473115,finish recommendation,Other
9473115,tiny thing,Other
9473115,little thing,Other
9473115,change company,Other
9473115,company description,security
9473651,paid software,tools and tech
9473651,ask question,Other
9473651,make field,Other
